epoch,localtime,tick,filelen,lastwrite
1785881665,2026-08-04 15:14:25,15330,27881797,2026-08-04 15:14:08
1785881680,2026-08-04 15:14:40,15330,27881797,2026-08-04 15:14:08
1785881857,2026-08-04 15:17:37,15331,27882093,2026-08-04 15:17:28
1785881872,2026-08-04 15:17:52,15331,27882093,2026-08-04 15:17:28
1785881887,2026-08-04 15:18:07,15331,27882093,2026-08-04 15:17:28
1785881902,2026-08-04 15:18:22,15331,27882093,2026-08-04 15:17:28
1785881917,2026-08-04 15:18:37,15331,27882093,2026-08-04 15:17:28
1785881932,2026-08-04 15:18:52,15331,27882093,2026-08-04 15:17:28
1785881947,2026-08-04 15:19:07,15331,27882093,2026-08-04 15:17:28
1785881962,2026-08-04 15:19:22,15331,27882093,2026-08-04 15:17:28
1785881977,2026-08-04 15:19:37,15331,27882093,2026-08-04 15:17:28
1785881992,2026-08-04 15:19:52,15331,27882093,2026-08-04 15:17:28
1785882007,2026-08-04 15:20:07,15331,27882093,2026-08-04 15:17:28
1785882022,2026-08-04 15:20:22,15331,27882093,2026-08-04 15:17:28
1785882037,2026-08-04 15:20:37,15331,27882093,2026-08-04 15:17:28
1785882052,2026-08-04 15:20:52,15332,27882378,2026-08-04 15:20:48
1785882067,2026-08-04 15:21:07,15332,27882378,2026-08-04 15:20:48
1785882082,2026-08-04 15:21:22,15332,27882378,2026-08-04 15:20:48
1785882097,2026-08-04 15:21:37,15332,27882378,2026-08-04 15:20:48
1785882112,2026-08-04 15:21:52,15332,27882378,2026-08-04 15:20:48
1785882127,2026-08-04 15:22:07,15332,27882378,2026-08-04 15:20:48
1785882142,2026-08-04 15:22:22,15332,27882378,2026-08-04 15:20:48
1785882157,2026-08-04 15:22:37,15332,27882378,2026-08-04 15:20:48
1785882172,2026-08-04 15:22:52,15332,27882378,2026-08-04 15:20:48
1785882187,2026-08-04 15:23:07,15332,27882378,2026-08-04 15:20:48
1785882202,2026-08-04 15:23:22,15332,27882378,2026-08-04 15:20:48
1785882217,2026-08-04 15:23:37,15332,27882378,2026-08-04 15:20:48
1785882232,2026-08-04 15:23:52,15332,27882378,2026-08-04 15:20:48
1785882247,2026-08-04 15:24:07,15332,27882378,2026-08-04 15:20:48
1785882262,2026-08-04 15:24:22,15333,27882663,2026-08-04 15:24:08
1785882277,2026-08-04 15:24:37,15333,27882663,2026-08-04 15:24:08
1785882292,2026-08-04 15:24:52,15333,27882663,2026-08-04 15:24:08
1785882307,2026-08-04 15:25:07,15333,27882663,2026-08-04 15:24:08
1785882322,2026-08-04 15:25:22,15333,27882663,2026-08-04 15:24:08
1785882337,2026-08-04 15:25:37,15333,27882663,2026-08-04 15:24:08
1785882352,2026-08-04 15:25:52,15333,27882663,2026-08-04 15:24:08
1785882367,2026-08-04 15:26:07,15333,27882663,2026-08-04 15:24:08
1785882382,2026-08-04 15:26:22,15333,27882663,2026-08-04 15:24:08
1785882397,2026-08-04 15:26:37,15333,27882663,2026-08-04 15:24:08
1785882412,2026-08-04 15:26:52,15333,27882663,2026-08-04 15:24:08
1785882427,2026-08-04 15:27:07,15333,27882663,2026-08-04 15:24:08
1785882442,2026-08-04 15:27:22,15333,27882663,2026-08-04 15:24:08
1785882457,2026-08-04 15:27:37,15334,27882948,2026-08-04 15:27:28
1785882472,2026-08-04 15:27:52,15334,27882948,2026-08-04 15:27:28
1785882487,2026-08-04 15:28:07,15334,27882948,2026-08-04 15:27:28
1785882502,2026-08-04 15:28:22,15334,27882948,2026-08-04 15:27:28
1785882517,2026-08-04 15:28:37,15334,27882948,2026-08-04 15:27:28
1785882532,2026-08-04 15:28:52,15334,27882948,2026-08-04 15:27:28
1785882547,2026-08-04 15:29:07,15334,27882948,2026-08-04 15:27:28
1785882562,2026-08-04 15:29:22,15334,27882948,2026-08-04 15:27:28
1785882577,2026-08-04 15:29:37,15334,27882948,2026-08-04 15:27:28
1785882592,2026-08-04 15:29:52,15334,27882948,2026-08-04 15:27:28
1785882607,2026-08-04 15:30:07,15334,27882948,2026-08-04 15:27:28
1785882622,2026-08-04 15:30:22,15334,27882948,2026-08-04 15:27:28
1785882637,2026-08-04 15:30:37,15334,27882948,2026-08-04 15:27:28
1785882652,2026-08-04 15:30:52,15335,27883399,2026-08-04 15:30:48
1785882667,2026-08-04 15:31:07,15335,27883399,2026-08-04 15:30:48
1785882682,2026-08-04 15:31:22,15335,27883399,2026-08-04 15:30:48
1785882697,2026-08-04 15:31:37,15335,27883399,2026-08-04 15:30:48
1785882712,2026-08-04 15:31:52,15335,27883399,2026-08-04 15:30:48
1785882727,2026-08-04 15:32:07,15335,27883399,2026-08-04 15:30:48
1785882742,2026-08-04 15:32:22,15335,27883399,2026-08-04 15:30:48
1785882757,2026-08-04 15:32:37,15335,27883399,2026-08-04 15:30:48
1785882772,2026-08-04 15:32:52,15335,27883399,2026-08-04 15:30:48
1785882788,2026-08-04 15:33:08,15335,27883399,2026-08-04 15:30:48
1785882803,2026-08-04 15:33:23,15335,27883399,2026-08-04 15:30:48
1785882818,2026-08-04 15:33:38,15335,27883399,2026-08-04 15:30:48
1785882833,2026-08-04 15:33:53,15335,27883399,2026-08-04 15:30:48
1785882848,2026-08-04 15:34:08,15335,27883399,2026-08-04 15:30:48
1785882863,2026-08-04 15:34:23,15336,27883836,2026-08-04 15:34:16
1785882878,2026-08-04 15:34:38,15336,27883836,2026-08-04 15:34:16
1785882893,2026-08-04 15:34:53,15336,27883836,2026-08-04 15:34:16
1785882908,2026-08-04 15:35:08,15336,27883836,2026-08-04 15:34:16
1785882923,2026-08-04 15:35:23,15336,27883836,2026-08-04 15:34:16
1785882938,2026-08-04 15:35:38,15336,27883836,2026-08-04 15:34:16
1785882953,2026-08-04 15:35:53,15336,27883836,2026-08-04 15:34:16
1785882968,2026-08-04 15:36:08,15336,27883836,2026-08-04 15:34:16
1785882983,2026-08-04 15:36:23,15336,27883836,2026-08-04 15:34:16
1785882998,2026-08-04 15:36:38,15336,27883836,2026-08-04 15:34:16
1785883013,2026-08-04 15:36:53,15336,27883836,2026-08-04 15:34:16
1785883028,2026-08-04 15:37:08,15336,27883836,2026-08-04 15:34:16
1785883043,2026-08-04 15:37:23,15336,27883836,2026-08-04 15:34:16
1785883058,2026-08-04 15:37:38,15337,27884270,2026-08-04 15:37:36
1785883073,2026-08-04 15:37:53,15337,27884270,2026-08-04 15:37:36
1785883088,2026-08-04 15:38:08,15337,27884270,2026-08-04 15:37:36
1785883103,2026-08-04 15:38:23,15337,27884270,2026-08-04 15:37:36
1785883118,2026-08-04 15:38:38,15337,27884270,2026-08-04 15:37:36
1785883133,2026-08-04 15:38:53,15337,27884270,2026-08-04 15:37:36
1785883148,2026-08-04 15:39:08,15337,27884270,2026-08-04 15:37:36
1785883163,2026-08-04 15:39:23,15337,27884270,2026-08-04 15:37:36
1785883178,2026-08-04 15:39:38,15337,27884270,2026-08-04 15:37:36
1785883193,2026-08-04 15:39:53,15337,27884270,2026-08-04 15:37:36
1785883208,2026-08-04 15:40:08,15337,27884270,2026-08-04 15:37:36
1785883223,2026-08-04 15:40:23,15337,27884270,2026-08-04 15:37:36
1785883238,2026-08-04 15:40:38,15337,27884270,2026-08-04 15:37:36
1785883253,2026-08-04 15:40:53,15338,27884760,2026-08-04 15:40:48
1785883268,2026-08-04 15:41:08,15338,27885408,2026-08-04 15:41:07
1785883283,2026-08-04 15:41:23,15338,27885792,2026-08-04 15:41:22
1785883298,2026-08-04 15:41:38,15338,27885792,2026-08-04 15:41:22
1785883313,2026-08-04 15:41:53,15338,27885792,2026-08-04 15:41:22
1785883328,2026-08-04 15:42:08,15338,27885792,2026-08-04 15:41:22
1785883343,2026-08-04 15:42:23,15338,27885792,2026-08-04 15:41:22
1785883358,2026-08-04 15:42:38,15338,27885792,2026-08-04 15:41:22
1785883373,2026-08-04 15:42:53,15338,27885792,2026-08-04 15:41:22
1785883388,2026-08-04 15:43:08,15338,27885792,2026-08-04 15:41:22
1785883403,2026-08-04 15:43:23,15338,27885792,2026-08-04 15:41:22
1785883418,2026-08-04 15:43:38,15338,27885792,2026-08-04 15:41:22
1785883433,2026-08-04 15:43:53,15338,27885792,2026-08-04 15:41:22
1785883448,2026-08-04 15:44:08,15338,27885792,2026-08-04 15:41:22
1785883463,2026-08-04 15:44:23,15338,27885792,2026-08-04 15:41:22
1785883478,2026-08-04 15:44:38,15338,27885792,2026-08-04 15:41:22
1785883493,2026-08-04 15:44:53,15338,27885792,2026-08-04 15:41:22
1785883508,2026-08-04 15:45:08,15338,27885792,2026-08-04 15:41:22
1785883523,2026-08-04 15:45:23,15338,27885792,2026-08-04 15:41:22
1785883538,2026-08-04 15:45:38,15338,27885792,2026-08-04 15:41:22
1785883553,2026-08-04 15:45:53,15338,27885792,2026-08-04 15:41:22
1785883568,2026-08-04 15:46:08,15338,27885792,2026-08-04 15:41:22
1785883583,2026-08-04 15:46:23,15338,27885792,2026-08-04 15:41:22
1785883598,2026-08-04 15:46:38,15338,27885792,2026-08-04 15:41:22
1785883613,2026-08-04 15:46:53,15338,27885792,2026-08-04 15:41:22
1785883628,2026-08-04 15:47:08,15338,27885792,2026-08-04 15:41:22
1785883643,2026-08-04 15:47:23,15338,27885792,2026-08-04 15:41:22
1785883658,2026-08-04 15:47:38,15338,27885792,2026-08-04 15:41:22
1785883673,2026-08-04 15:47:53,15338,27885792,2026-08-04 15:41:22
1785883688,2026-08-04 15:48:08,15338,27885792,2026-08-04 15:41:22
1785883703,2026-08-04 15:48:23,15338,27885792,2026-08-04 15:41:22
1785883718,2026-08-04 15:48:38,15338,27885792,2026-08-04 15:41:22
1785883733,2026-08-04 15:48:53,15338,27885792,2026-08-04 15:41:22
1785883748,2026-08-04 15:49:08,15338,27885792,2026-08-04 15:41:22
1785883763,2026-08-04 15:49:23,15338,27885792,2026-08-04 15:41:22
1785883778,2026-08-04 15:49:38,15338,27885792,2026-08-04 15:41:22
1785883793,2026-08-04 15:49:53,15338,27885792,2026-08-04 15:41:22
1785883808,2026-08-04 15:50:08,15338,27886901,2026-08-04 15:50:04
1785883823,2026-08-04 15:50:23,15338,27887303,2026-08-04 15:50:19
1785883838,2026-08-04 15:50:38,15338,27887711,2026-08-04 15:50:33
1785883853,2026-08-04 15:50:53,15338,27888085,2026-08-04 15:50:52
1785883868,2026-08-04 15:51:08,15338,27888242,2026-08-04 15:50:59
1785883883,2026-08-04 15:51:23,15338,27888760,2026-08-04 15:51:22
1785883898,2026-08-04 15:51:38,15338,27889188,2026-08-04 15:51:36
1785883913,2026-08-04 15:51:53,15338,27889558,2026-08-04 15:51:50
1785883928,2026-08-04 15:52:08,15338,27889936,2026-08-04 15:52:08
1785883943,2026-08-04 15:52:23,15338,27890213,2026-08-04 15:52:21
1785883958,2026-08-04 15:52:38,15338,27890478,2026-08-04 15:52:28
1785883973,2026-08-04 15:52:53,15338,27890478,2026-08-04 15:52:28
1785883988,2026-08-04 15:53:08,15338,27890478,2026-08-04 15:52:28
1785884003,2026-08-04 15:53:23,15338,27890478,2026-08-04 15:52:28
1785884018,2026-08-04 15:53:38,15339,27891615,2026-08-04 15:53:37
1785884033,2026-08-04 15:53:53,15339,27891996,2026-08-04 15:53:53
1785884048,2026-08-04 15:54:08,15339,27892208,2026-08-04 15:54:03
1785884063,2026-08-04 15:54:23,15339,27892367,2026-08-04 15:54:12
1785884078,2026-08-04 15:54:38,15339,27892816,2026-08-04 15:54:31
1785884093,2026-08-04 15:54:53,15339,27893254,2026-08-04 15:54:50
1785884108,2026-08-04 15:55:08,15339,27893636,2026-08-04 15:55:08
1785884123,2026-08-04 15:55:23,15339,27893844,2026-08-04 15:55:21
1785884138,2026-08-04 15:55:38,15339,27894012,2026-08-04 15:55:30
1785884153,2026-08-04 15:55:53,15339,27894364,2026-08-04 15:55:50
1785884168,2026-08-04 15:56:08,15339,27894364,2026-08-04 15:55:50
1785884183,2026-08-04 15:56:23,15339,27894364,2026-08-04 15:55:50
1785884198,2026-08-04 15:56:38,15339,27894364,2026-08-04 15:55:50
1785884213,2026-08-04 15:56:53,15340,27894845,2026-08-04 15:56:44
1785884228,2026-08-04 15:57:08,15340,27894845,2026-08-04 15:56:44
1785884243,2026-08-04 15:57:23,15340,27894845,2026-08-04 15:56:44
1785884258,2026-08-04 15:57:38,15340,27894845,2026-08-04 15:56:44
1785884273,2026-08-04 15:57:53,15340,27894845,2026-08-04 15:56:44
1785884288,2026-08-04 15:58:08,15340,27894845,2026-08-04 15:56:44
1785884303,2026-08-04 15:58:23,15340,27894845,2026-08-04 15:56:44
1785884318,2026-08-04 15:58:38,15340,27894845,2026-08-04 15:56:44
1785884333,2026-08-04 15:58:53,15340,27894845,2026-08-04 15:56:44
1785884348,2026-08-04 15:59:08,15340,27894845,2026-08-04 15:56:44
1785884363,2026-08-04 15:59:23,15340,27894845,2026-08-04 15:56:44
1785884378,2026-08-04 15:59:38,15340,27894845,2026-08-04 15:56:44
1785884393,2026-08-04 15:59:53,15340,27894845,2026-08-04 15:56:44
1785884408,2026-08-04 16:00:08,15340,27895914,2026-08-04 16:00:04
1785884423,2026-08-04 16:00:23,15340,27896342,2026-08-04 16:00:19
1785884438,2026-08-04 16:00:38,15340,27896772,2026-08-04 16:00:35
1785884453,2026-08-04 16:00:53,15340,27896940,2026-08-04 16:00:43
1785884468,2026-08-04 16:01:08,15340,27897314,2026-08-04 16:01:03
1785884483,2026-08-04 16:01:23,15340,27897580,2026-08-04 16:01:18
1785884498,2026-08-04 16:01:38,15340,27898002,2026-08-04 16:01:35
1785884513,2026-08-04 16:01:53,15340,27898434,2026-08-04 16:01:47
1785884528,2026-08-04 16:02:08,15340,27898598,2026-08-04 16:01:55
1785884543,2026-08-04 16:02:23,15340,27898974,2026-08-04 16:02:17
1785884558,2026-08-04 16:02:38,15340,27899298,2026-08-04 16:02:38
1785884573,2026-08-04 16:02:53,15340,27899298,2026-08-04 16:02:38
1785884588,2026-08-04 16:03:08,15340,27899298,2026-08-04 16:02:38
1785884603,2026-08-04 16:03:23,15340,27899298,2026-08-04 16:02:38
1785884618,2026-08-04 16:03:38,15341,27900399,2026-08-04 16:03:33
1785884633,2026-08-04 16:03:53,15341,27900617,2026-08-04 16:03:46
1785884648,2026-08-04 16:04:08,15341,27900785,2026-08-04 16:03:55
1785884663,2026-08-04 16:04:23,15341,27901002,2026-08-04 16:04:14
1785884678,2026-08-04 16:04:38,15341,27901172,2026-08-04 16:04:25
1785884693,2026-08-04 16:04:53,15341,27901459,2026-08-04 16:04:49
1785884709,2026-08-04 16:05:09,15341,27901459,2026-08-04 16:04:49
1785884724,2026-08-04 16:05:24,15341,27901459,2026-08-04 16:04:49
1785884739,2026-08-04 16:05:39,15341,27901459,2026-08-04 16:04:49
1785884754,2026-08-04 16:05:54,15341,27901459,2026-08-04 16:04:49
1785884769,2026-08-04 16:06:09,15341,27901459,2026-08-04 16:04:49
1785884784,2026-08-04 16:06:24,15341,27901459,2026-08-04 16:04:49
